Rank,Title,Category,Summary,ITCH_Score,Severity_Score,TAM_Score,Competition_Score,Whitespace_Score,Frequency_Score
1,How can travelers quickly find trusted doctors with clear costs in unfamiliar cities?,Travel,"International travelers and domestic tourists from other states who fall ill in unfamiliar cities don't know which hospitals or clinics to visit, whether doctors speak their language, or what treatment costs to expect, and they need dedicated tourist medical assistance helplines connecting them with verified English-speaking healthcare providers.",100,7,70,5,9,7
2,Why don't homebuyers have standardized neighborhood quality data reports?,Real Estate,"Home buyers making multi-crore investment decisions lack comprehensive, data-driven information about neighborhood characteristics like school quality, crime statistics, air quality indices, water availability, power outage frequency, and future infrastructure plans that would inform purchasing choices beyond individual property inspection.",94.5,8,80,8,6,7
3,Why don’t apartments use QR gates for visitor parking management?,Real Estate,"Society residents constantly clash over visitor parking management because guests occupy limited parking spots for hours without proper permits, causing inconvenience to owners who find their own spaces blocked, yet societies lack digital permit systems, automated barriers, or QR-code-based temporary access controls.",93.5,5,50,8,4,6
4,Why can't shop owners create websites without coding knowledge?,SaaS,"Small retail shop owners wanting basic online presence to display products, hours, and contact information cannot use complex website builders requiring coding knowledge, design skills, or content structure planning, and they need voice-to-website AI tools that convert natural speech descriptions into functional storefronts.",92.4,9,90,10,7,8.5
5,Why is booking cargo vehicles harder than passenger transport?,Logistics,"Consumers needing to transport single pieces of furniture, appliances, or bulk purchases across the city cannot easily book small cargo tempos or pickup trucks on-demand through apps like Uber, forcing them to negotiate with unorganized tempo drivers at inflated prices with no fare transparency or digital convenience.",92.1,10,10,8,9,8
6,Why aren’t office shuttles dynamically routed based on real-time employee demand?,Transportation,"Corporate employees commuting to business parks and IT campuses waste significant time waiting for scheduled company shuttles that run on fixed routes without demand-responsive scheduling, and they need on-demand van pooling apps that dynamically route vehicles based on real-time passenger requests.",92.1,8,80,5,6,5.5
7,Why do medicine prices vary wildly across pharmacy chains?,HealthTech,"Consumers discover the same prescription medicines are priced dramatically differently across pharmacy chains, with variations of 30-50% between retailers for identical drugs and dosages, because there is no transparent price comparison app allowing patients to find the most affordable nearby source before purchasing.",91,7,7,8,7.5,8
8,Why do people struggle to track where their money goes each month?,FinTech,"Individuals lose control over spending because transactions are scattered across UPI apps, cards, wallets, and subscriptions, with no single, simple view of everyday expenses in plain language.",90.5,8,10,6,8,8
9,Why is hotel and café WiFi unreliable for travelers?,Travel,"Travelers are misled by “high-speed WiFi” claims because connectivity quality is rarely measured or verified, leaving remote workers and tourists without dependable internet access when they need it most.",90.5,8,80,5,8,6.5
10,Why don't apartments have smart water sub-meters?,Real Estate,"Apartment residents overpay for water because buildings lack affordable smart sub-meters, forcing societies to split bills equally regardless of actual consumption and removing incentives for conservation.",89.5,9,90,8,5,6.5
11,Why do factory workers lack affordable first-mile transport to factory jobs?,Logistics,"Daily wage laborers and factory shift workers in industrial areas lack affordable first-mile and last-mile connectivity from residential areas to manufacturing plants, wasting 2-3 hours daily on exhausting walks, and companies need dedicated micro-transit systems that provide subsidized transportation for blue-collar employees.",89,8,10,8,9,7
12,Why isn’t there a skills-first alternative to college placement training?,Professional Services,"Engineering colleges market expensive placement training programs and personality development modules promising guaranteed job offers, but recruiters increasingly ignore these generic certificates because the training focuses on superficial resume formatting and behavioral clichés rather than building actual technical competencies or project portfolios.",89,9,90,6,9,7.5
13,Why are half of rental listings fake broker clickbait?,Real Estate,"Prospective tenants searching for rental homes discover that half of attractive listings on property portals are fraudulent advertisements posted by brokers using fake photos, unavailable properties, or significantly different actual offerings designed purely to capture contact information and generate commission-based inquiries.",88.5,8,80,8,8,8
14,How do beauty buyers verify product authenticity on e-commerce?,E-commerce,"Consumers purchasing skincare and cosmetics through online marketplaces live in fear of receiving counterfeit products, expired inventory, or tampered-with items because platforms lack robust batch verification systems, holographic authentication seals, or manufacturing date transparency that would guarantee genuine product origins.",87,9,9,8,8.5,8
15,Why do fresh graduates lack practical coding skills despite strong academic performance?,EdTech,"Companies hiring fresh graduates discover candidates possess theoretical knowledge and good academic scores but cannot solve basic programming problems, debug code, or apply concepts practically because college curricula rely on theoretical lectures without providing hands-on industry-simulation labs or real-world project experience.",86.5,9,9,8,8.5,7
16,How do buyers discover dampness after moving into homes?,Real Estate,"Home purchasers investing life savings discover hidden water seepage, structural cracks, termite damage, or foundation issues within weeks of possession because pre-purchase home inspections using thermal imaging, moisture meters, and structural engineering assessments are not standard practice in Indian real estate transactions.",86.5,7,70,8,9,8.5
17,Why can’t NRIs remotely secure vacant properties with real-time monitoring and alerts?,Real Estate,"Non-resident Indians maintaining vacant properties in their hometowns live with constant anxiety about unauthorized occupancy, illegal construction, or squatter occupation during prolonged absences because traditional property management services don't provide smart home security systems, video monitoring, or biometric access controls with real-time alerts.",85.8,7,70,8,7,7.5
18,Why are college choices influenced by referral fees instead of student aptitude?,EdTech,"High school graduates receive biased college recommendations from counseling agencies and education consultants who prioritize their own commission structures over student aptitude, interests, or career goals, steering confused teenagers toward expensive private institutions that pay the highest referral fees.",85.5,9,9,8,8.5,6
19,Why don’t global learning platforms support high-quality regional language instruction?,EdTech,"Exceptionally talented students from non-metro areas who are highly skilled in their fields cannot access elite global online courses, certification programs, or educational content from top institutions because these resources are exclusively available in English and haven't been localized into regional Indian languages.",85.5,7,9,7,8,9
20,How do property ads lie about commute times?,Real Estate,"Prospective home buyers and renters discover that real estate marketing claims like ""5 minutes from metro"" are wildly inaccurate because they measure straight-line distances on maps rather than actual peak-hour walking time accounting for traffic signals, crowded sidewalks, and infrastructure obstacles.",85.5,10,100,8,6,7
21,How can small brands optimize digital ads within limited budgets?,SaaS,"Small brands lose advertising spend because they lack the expertise and time to continuously optimize campaigns, making manual keyword tuning and budget allocation inefficient for low-budget Google Ads accounts.",85,5,50,10,5,7.5
22,Why do daily commuters waste 90 minutes in traffic?,Transportation,Office goers in metros spend 1.5-2 hours each way commuting through congested routes. No carpooling culture exists. Company shuttles are limited. Public transport is overcrowded. Real-time traffic-based route optimization apps don't provide multi-modal alternatives. Commute time wastes 15-20 hours weekly.,84.2,5,50,7,8,7.5
23,How can companies eliminate unused SaaS subscriptions efficiently?,SaaS,"Organizations accumulate wasteful spending on dozens of SaaS subscriptions with inactive user seats, forgotten trial conversions, and redundant tools purchased by different departments because finance teams lack centralized visibility into all software expenditures and automated alerts for license optimization opportunities.",83.4,9,90,10,8,9
24,Why do shoppers visit stores only to find items unavailable?,E-commerce,"Consumers planning to purchase specific products from nearby retail stores frequently make wasted trips because they cannot check real-time shelf inventory online before leaving home, arriving at stores only to discover their desired items are sold out or not yet restocked.",83,7,9,8,8.5,9
25,Why can't customers find verified plumbers for emergencies?,Home Services,"Homeowners facing plumbing emergencies at night or weekends cannot find verified, trustworthy plumbers instantly. Local search results show unverified listings with no ratings or background checks. Emergency charges are inflated 2-3x. Service quality is unpredictable. No on-demand platform provides verified emergency plumbers with transparent pricing and instant availability.",83,6,60,8,9,8.5
26,Why can't SMEs negotiate favorable payment terms with large buyers?,B2B Services,"Small suppliers selling to large corporate buyers face one-sided payment terms of 60-90 days or longer, while needing to pay their own suppliers within 30 days. This creates working capital gaps forcing SMEs to take expensive short-term loans at 18-24% interest. Large buyers refuse to negotiate shorter payment cycles, knowing small suppliers are desperate for orders. No mechanism exists to standardize or enforce fair payment terms, leaving SMEs cash-starved despite having confirmed orders.",82.8,8,7,8,7.5,6
27,Why do migrant workers lose money on remittances?,FinTech,"Workers overpay to send money home because remittance services hide fees within exchange rates and charges, preventing transparent comparison and fair pricing.",82.5,6,10,7,8.5,7
28,How can consumers verify water purification in delivery cans?,Food & Beverage,Households ordering 20-liter water cans from local suppliers cannot verify whether water is genuinely RO-purified or just filtered tap water. Suppliers claim RO purification but provide no proof. Testing water quality at home requires expensive TDS meters. Water-borne illnesses from impure delivered water are common. No tamper-proof purity verification seals or batch-level quality certificates exist for packaged drinking water delivery.,82.5,9,7,8,7.5,5
29,Why do patients lack tools to compare conflicting diagnoses confidently?,HealthTech,"Patients seeking second medical opinions for serious health conditions struggle to determine if conflicting diagnoses, contradictory treatment plans, or significantly different prescriptions from multiple doctors are due to legitimate medical complexity or potential misdiagnosis requiring further specialist consultation and diagnostic confirmation.",82.5,6,7,6,6.5,10
30,Why is it so hard to find power outlets for devices while traveling?,Travel,"Travelers whose mobile phones die during sightseeing, shopping, or commuting face severe inconvenience because finding public electrical outlets for emergency charging is impossible, and they need widespread powerbank-sharing networks with kiosk pickup/drop-off systems similar to bike-sharing services.",82.5,8,80,5,7,6
31,How do small teams struggle with manual payroll calculations?,SaaS,"Businesses employing fewer than 10 workers spend hours each month manually calculating employee salaries factoring in variable elements like paid leave, unpaid absences, overtime hours, and festival bonuses because payroll software is designed for larger organizations and doesn't offer one-click processing for tiny teams.",82.2,8,80,10,8,9
32,Why is scholarship information fragmented and inaccessible to low-income and rural students?,EdTech,"Deserving students from economically weaker sections or remote areas remain unaware of available government scholarships, private grants, and financial aid opportunities because information is scattered across disconnected platforms, application processes are complex, and they lack mentors who can guide them through documentation requirements.",82,7,9,7,8,7
33,Why don’t people understand the insurance policies they buy?,FinTech,"Policyholders make uninformed decisions because insurance documents are written in legal and technical language, obscuring exclusions and conditions that directly affect claim outcomes.",82,8,10,8,9,10
34,Why are mock tests and analytics inaccessible to low-income exam candidates?,EdTech,"NEET, JEE, and competitive exam aspirants from economically disadvantaged backgrounds cannot afford premium coaching classes that provide extensive question banks, doubt-clearing support, and mock test series, leaving them relying solely on outdated textbooks without access to quality practice problems and performance analytics.",81.5,6,9,7,8,9
35,Why does investing feel intimidating to ordinary people?,FinTech,"Retail investors avoid markets because investment platforms emphasize products and jargon instead of personal goals, making participation feel complex and risky. The investors have to self educate using online sources that leave them feeling under-confident and intimidated.",81.5,9,10,8,9,2
36,Why do emergency rooms lack systems to prioritize critical patients instantly?,HealthTech,"Hospital emergency departments operate on chaotic first-come-first-serve protocols where critical patients wait behind less urgent cases because facilities lack AI-powered triage systems that can instantly assess vital signs, symptom severity, and medical urgency to prioritize life-threatening conditions over minor ailments.",81.5,7,7,7,7,8
37,Why do payment apps have confusing cashback terms?,Payment Issues,"Users making payments see promotional offers like '10% cashback up to ₹100' but discover complex conditions in fine print - minimum transaction amounts, specific merchants only, first-time user restrictions, or bank-specific offers. Cashback promised at payment time often doesn't arrive. Terms like 'up to' mislead users into expecting more than they receive. No standardized, upfront clarity exists on exact cashback users will receive before confirming payment.",81.2,8,80,6,8,7
38,How do parents find trustworthy evening childcare for short hours?,Consumer Services,"Professional parents working late shifts or attending evening events face severe childcare gaps because they cannot easily locate verified, trustworthy caregivers available for short-duration evening sessions without committing to expensive monthly nanny services or imposing on already-exhausted grandparents.",81,9,6,8,7,10
39,Why do drivers circle markets for 20 minutes finding parking?,Consumer Services,"Shoppers and visitors driving to popular commercial areas and crowded markets waste significant time circling streets looking for available parking spots, creating traffic congestion and pollution, because there is no system allowing them to view real-time parking availability or reserve spaces in advance.",81,6,6,7,6.5,8
40,Why do quick-delivery apps send bruised fruits and vegetables?,E-commerce,"Customers ordering from ultra-fast delivery services prioritizing speed over quality routinely receive damaged fruits, bruised vegetables, and crushed packaged goods because warehouse pickers rush through selection and delivery partners prioritize completion times over careful product handling and temperature-controlled transportation.",81,8,9,5,7,10
41,How do people moving struggle to dispose old furniture?,Home Services,"Families relocating to new apartments or cities cannot easily sell, donate, or responsibly dispose of old sofas, beds, wardrobes, and appliances because second-hand furniture markets are unorganized, online platforms attract only lowball offers, and municipalities don't provide convenient bulk furniture recycling or pickup services.",80.5,8,10,8,9,8
42,Why can’t working professionals return online purchases outside of business hours?,E-commerce,"Employees working 9-to-6 jobs who need to return online purchases cannot coordinate delivery-partner pickup schedules that only operate during business hours when they are away from home, and they lack access to convenient 24/7 smart locker systems where they can drop off returns independently.",80,7,9,7,8,9
43,Why can’t rural residents receive doorstep deliveries despite ordering products online?,E-commerce,"Residents of small villages and remote rural areas cannot access the full benefits of online shopping because delivery partners refuse to service locations without proper addresses or road access, forcing villagers to travel 10-20 kilometers to district headquarters to collect packages from centralized hubs.",80,8,9,8,8.5,4
44,Why can’t heirs access bank accounts easily after a death?,FinTech,"Families face financial paralysis because succession processes remain paperwork-heavy and fragmented, making it difficult to securely transfer access to assets after a person’s death.",80,8,10,7,8.5,8
45,Why can't doctors access patient medical histories across hospitals?,HealthTech,"Doctors treating patients in emergencies or follow-up visits across different hospitals cannot access consolidated medical histories, previous prescriptions, drug allergy information, or ongoing medication regimens because health records remain fragmented across individual hospitals with no interoperable national health database system.",80,9,7,8,7.5,9
46,Why do rural patients waste time traveling for diagnostic tests?,HealthTech,"Patients in small towns and villages requiring basic blood tests, X-rays, or ultrasounds must travel 30-50 kilometers to reach diagnostic laboratories in larger cities, wasting entire days in transit and delaying treatment decisions because mobile diagnostic vans or local sample collection services are unavailable in rural areas.",79.5,6,7,7,7,9
47,How do users reconcile bank statement transactions monthly?,Payment Issues,"Individuals reviewing monthly bank statements cannot remember what each transaction was for after 15-30 days. UPI transactions show cryptic merchant IDs. Small payments of ₹50-200 are unidentifiable. Tagging or categorizing transactions post-facto is tedious. No automatic transaction description and categorization exists, making expense tracking and budget analysis nearly impossible without extensive manual work.",79.5,7,70,6,8,7
48,Why can't EV drivers see real-time charger availability?,Transportation,"Electric vehicle drivers waste time and battery charge navigating to public charging stations listed on apps only to discover they are non-functional, under maintenance, or occupied, and they need real-time verification systems that confirm charger availability, functionality status, and queuing times before departure.",79.5,7,70,5,7,6
49,"Why can’t manufacturers rely on guaranteed, accountable pickup logistics for outbound deliveries?",B2B Services,"Small-scale manufacturers frequently miss critical delivery deadlines and lose customer orders when local logistics providers and transport vendors fail to arrive for scheduled pick-ups, leaving products stranded at factories with no reliable alternative transportation networks to fall back on.",79,8,8,8,8,7
50,Why do fashion products look different in reality?,E-commerce,"Online fashion shoppers frequently receive garments that look dramatically different in person compared to professional product photographs, discovering mismatched colors, unexpected fabric quality, and poor fits because listings lack authentic user-generated video reviews showing items on real people with varied body types.",79,7,9,7,8,8
51,Why can’t citizens verify whether segregated waste is actually recycled?,Other,Citizens diligently segregating wet and dry waste have no visibility into whether municipal collectors actually maintain segregation or mix everything. This undermines individual efforts. No verification system shows waste actually reaches recycling facilities versus landfills.,79,9,90,7,9,8
52,Why do factory owners wait days for industrial repair technicians?,B2B Services,"When specialized machinery breaks down in small manufacturing units, owners face multi-day production halts because there is no on-demand network or marketplace connecting them with qualified industrial technicians who can diagnose and repair niche equipment quickly.",78.5,9,7,8,7.5,6
53,Why hasn’t tutoring shifted from answer-giving to skill-building learning?,EdTech,"Parents hiring private tutors to help with challenging math and science subjects discover their children remain weak in fundamentals because tutors simply solve homework problems on students' behalf rather than explaining underlying concepts, principles, and problem-solving approaches that build genuine understanding.",78.5,8,9,8,8.5,8
54,Why can't consumers track sugar content in packaged snacks?,Food & Beverage,"Health-conscious consumers trying to limit sugar intake cannot accurately track consumption from packaged Indian snacks, biscuits, and beverages. Nutrition labels use grams rather than teaspoons, making it difficult to understand actual sugar quantities. Hidden sugars in savory products surprise consumers. No app aggregates and simplifies sugar content data for commonly consumed Indian packaged foods based on barcode scanning.",78.5,7,7,8,7.5,7
55,Why are diagnostic services not designed for women’s privacy and mobility needs?,HealthTech,"Female patients, particularly married women in conservative areas, postpone essential diagnostic tests because medical facilities and transportation options lack adequate privacy, female-friendly infrastructure, or same-gender accompaniment services that would allow them to visit clinics independently without male family escorts.",78.5,10,10,8,9,9
56,Why don’t smart water systems detect underground leaks automatically?,Other,Municipal water authorities waste 40% of water supply through underground pipeline leaks that go undetected for months. Citizens face shortages while water is lost. No acoustic leak detection or citizen reporting systems exist for identifying underground water wastage.,78.5,8,80,7,7,7
57,How can online platforms enable price negotiation and bulk discounts?,E-commerce,"Online shoppers accustomed to traditional retail's bargaining culture feel they overpay on e-commerce platforms because there is no mechanism allowing them to negotiate prices, request bulk discounts for multiple purchases, or propose alternate pricing for slightly older inventory or products nearing expiration.",78,6,9,8,8.5,7
58,Why is reward visibility missing across UPI and wallet ecosystems?,Payment Issues,"Consumers using multiple payment apps (Paytm, PhonePe, Google Pay, Amazon Pay) cannot track total cashback earned, pending amounts, and expiring offers across platforms. Each app has different reward structures and expiry timelines. Users miss out on claiming earned cashback or using expiring rewards. No unified dashboard shows total earnings and pending actions across all payment apps.",77.2,9,90,6,9,7.5
59,How can buyers verify alcohol authenticity before purchase?,Food & Beverage,"Alcohol consumers fear purchasing counterfeit or adulterated liquor from retail shops, especially for premium brands. News reports of methanol poisoning and fake alcohol deaths create anxiety. Bottles lack tamper-evident seals or authentication mechanisms. Buyers in tier 2/3 cities particularly worry about product authenticity. No scan-based verification system allows customers to confirm genuine alcohol at point of purchase before opening bottles.",77,7,10,8,9,7
60,Why is finding specialist doctors in smaller cities hard?,HealthTech,"Patients in tier 2 and tier 3 cities needing consultations with neurologists, cardiologists, oncologists, or other super-specialists face appointment wait times of 3-4 weeks or must travel to metro cities because there are too few specialists serving large populations and no telemedicine platforms connecting them efficiently.",77,8,10,7,8.5,7
61,Why do regional logistics lack real-time tracking and reliable delivery ETAs?,Logistics,"Businesses shipping via local transport companies or smaller couriers have zero real-time tracking visibility. Customers call repeatedly for delivery updates. ETA predictions are unreliable. No unified tracking API exists for regional logistics providers, forcing businesses to manually coordinate delivery communications.",77,8,80,7,6,6.5
62,Why do small online orders arrive in oversized wasteful packaging?,E-commerce,"Environmentally conscious consumers ordering single items or small products online feel frustrated when deliveries arrive in oversized boxes filled with excessive bubble wrap, plastic padding, and unnecessary packaging materials, and they want sustainable ""right-sized"" or reusable eco-friendly bag delivery options instead.",76.5,5,9,7,8,10
63,Why do hidden shipping fees inflate affordable product prices?,E-commerce,"Budget-conscious shoppers attracted to affordably-priced products on e-commerce platforms experience frustration at checkout when previously hidden or unclear shipping fees, handling charges, and platform fees suddenly inflate the total cost by 30-50%, making the purchase no longer economically viable.",76.5,6,9,6,7.5,10
64,Why do resumes fail ATS filters despite candidates being qualified for roles?,EdTech,"Fresh graduates and career switchers applying to dozens of entry-level positions receive no response or interview callbacks because corporate ATS (Applicant Tracking Systems) automatically filter out resumes lacking specific keywords, employer brand names, or exact experience criteria, and candidates lack guidance on optimizing applications for AI screening.",76.5,8,9,9,9,7
65,Why hasn’t late-night women’s mobility been solved with tech-enabled safety systems?,Transportation,"Women working night shifts, traveling after social events, or returning home late avoid auto-rickshaws and cabs due to safety concerns and instead need dedicated women-only driver networks with verified female chauffeurs, panic buttons, live journey tracking, and emergency response systems for secure nighttime transportation.",76.5,7,70,5,8,6.5
66,How can regional menus be made more accessible for interstate travellers?,Travel,Travelers from different regions struggle to understand restaurant menus written exclusively in regional scripts and they need instant visual AI translation apps that can scan and convert menu images into their preferred language with food descriptions.,76.5,6,60,5,8,6.5
67,Why isn’t subscription pause logic built into auto-debit infrastructure?,Payment Issues,"Users traveling abroad, facing temporary financial constraints, or wanting to skip a month of gym/subscription services cannot pause auto-debit mandates temporarily. The only option is permanent cancellation followed by re-enrollment with new KYC and setup. This forces users to continue paying for unused services for 1-3 months. No temporary freeze option exists for UPI autopay, e-mandates, or standing instructions.",76.2,9,10,7,8.5,9
68,Why do freelancers ghost projects after partial payments without accountability systems?,B2B Services,"Businesses hiring ad-hoc freelancers through informal channels experience high churn rates when workers disappear mid-project after receiving partial payments, leaving companies with incomplete deliverables and no legal framework to recover damages or enforce completion.",76,8,7,8,7.5,7
69,Why can't businesses verify new suppliers before purchasing?,B2B Services,"Small businesses looking to source raw materials from unfamiliar suppliers face substantial risks of receiving substandard goods, inconsistent quality, or outright fraud because there is no centralized verification system or B2B trust rating infrastructure to validate vendor credentials and track performance before committing to purchases.",76,7,7,7,7,8
70,Why can’t citizens quickly find the right animal rescue help during emergencies?,Consumer Services,"Compassionate citizens encountering injured, sick, or trapped stray animals feel helpless because they don't know which NGO, veterinary service, or municipal department to contact for rescue assistance, and they need a unified emergency animal rescue app aggregating contact information for nearest rescue organizations based on GPS location.",76,8,6,7,6.5,10
71,"Why do branded drugs dominate prescriptions despite equivalent, cheaper generic alternatives?",HealthTech,"Doctors and patients continue prescribing expensive branded pharmaceuticals over affordable generic equivalents containing the same active ingredients and dosages because of lingering suspicions about generic quality, manufacturing standards, bioavailability, and effectiveness despite regulatory equivalence certifications.",76,8,10,7,8.5,8
72,"Why can’t citizens report potholes through verified, incentivized, real-time platforms?",Professional Services,"Vehicle owners facing repeated tire damage, suspension problems, and accident risks from dangerous potholes on daily commute routes feel helpless reporting through ineffective municipal systems, and they need gamified reward-based pothole reporting apps where citizens earn credits for documenting road hazards with photo verification.",76,8,80,8,6,7
73,Why isn't there a women-first travel app for solo travellers?,Travel,"Solo women travelers and backpackers exploring unfamiliar cities face safety concerns about getting lost, experiencing harassment, or encountering emergencies far from home, and they need verified local guardian networks of background-checked residents they can contact immediately if they feel threatened or require urgent assistance.",76,6,60,5,9,7
74,Why don’t parents get real-time visibility when school buses run late?,Transportation,"Parents experience extreme anxiety when their children's school buses run late without any communication explaining delays or confirming student safety, and they want GPS-tracked transportation with live interior cabin video feeds and automated arrival notifications to eliminate uncertainty about child whereabouts.",75.6,8,80,5,8,6.5
75,Why can't large families get wholesale grocery pricing online?,E-commerce,"Households with 6+ members or joint families that regularly purchase large quantities of groceries, cooking staples, and household essentials cannot obtain the same wholesale rates that restaurants and businesses receive because grocery apps only offer consumer retail pricing without volume-based discount tiers.",75.5,6,9,7,8,7
76,"Why don’t schools provide step-by-step, student-friendly kits for complex assignments?",EdTech,"Elementary and middle school students assigned elaborate science fair projects, working models, or craft assignments rely heavily on parental intervention because schools assign overly complex tasks without providing age-appropriate guidance, pre-assembled DIY kits, or step-by-step student-friendly instruction materials.",75.5,7,9,7,8,6
77,Why do businesses struggle finding reliable contract manufacturers for small batches?,B2B Services,"Startups and small brands needing 500-5,000 unit production runs cannot find contract manufacturers willing to accept small-batch orders. Most job-work units demand minimum orders of 10,000+ units or charge 40-50% premiums for small quantities. Quality consistency issues arise when manufacturers prioritize large clients. No B2B marketplace connects small brands with verified contract manufacturers offering flexible MOQs, transparent pricing, and quality guarantees for emerging businesses.",75.2,8,7,6,6.5,9
78,Why do courier companies lose or damage 5% of packages?,Logistics,E-commerce sellers and personal shippers face 3-5% package loss or damage rates during courier transit. Filing claims requires extensive documentation. Courier companies take 30-45 days for claim processing. Compensation is disputed or denied. Insurance options are expensive. No accountability mechanism ensures careful package handling.,75.2,7,70,7,7,7
79,Why do makeup artists ignore diverse skin tones?,Beauty & Personal Care,"Brides with diverse skin tones express frustration when makeup artists default to applying identical ""fair and lovely"" style makeup to all clients without customizing foundation shades, undertones, or techniques to enhance and celebrate each individual's natural complexion and ethnic beauty.",75,8,6,8,7,8
80,Why can't elderly people find at-home beautician services?,Beauty & Personal Care,"Senior citizens and people with mobility challenges face difficulty accessing basic beauty and grooming services like haircuts, manicures, or facials because very few beauty professionals offer home visit services, and those who do often charge prohibitively high premiums or have limited availability for residential appointments.",75,4,6,8,7,4
81,How do users manage multiple payment app wallets?,Payment Issues,"Users maintaining wallets in Paytm, PhonePe, Amazon Pay, and Mobikwik face fragmented balance management. Money sits idle across wallets. Transferring wallet balance to bank accounts incurs fees or isn't allowed. Checking balances across apps before payments is tedious. No wallet aggregator shows combined balance or allows inter-wallet transfers, forcing users to maintain ₹500-2,000 idle in each app.",75,5,50,6,8,7
82,Why can't tiffin subscribers customize daily meals?,Food & Beverage,"Professionals subscribing to tiffin services receive pre-decided daily menus with no customization options. Dietary preferences, allergies, or taste preferences aren't accommodated. Customers endure dishes they dislike 2-3 times weekly but cannot switch to alternatives within their subscription. Canceling entire subscriptions wastes money on remaining days. No tiffin service allows day-to-day menu selection while maintaining subscription economics.",74.5,7,10,7,8.5,6
83,Why do hospitals hide procedure pricing from patients?,HealthTech,"Patients admitted for routine procedures or surgeries receive massive bills with line items for consumables, doctor fees, and facility charges that bear no relation to market rates because hospitals don't disclose standardized procedure pricing upfront, leaving patients vulnerable to price gouging during medical emergencies.",74.5,9,10,8,9,8
84,Why do households lack emergency backup services when domestic help quits suddenly?,Consumer Services,"Households relying on full-time domestic workers for cooking, cleaning, and childcare face sudden crises when their help quits abruptly without serving proper notice periods, leaving working parents scrambling to manage household responsibilities with no emergency backup service providers available.",74.3,8,6,5,5.5,8
85,Why are CRM systems too complex for 3-person businesses?,SaaS,"Micro-businesses with tiny teams cannot adopt traditional customer relationship management software because these platforms are designed for large sales organizations with complex workflows, requiring extensive setup time, expensive subscriptions, and technical expertise that small teams lack, whereas they need simple WhatsApp-based contact management.",74,8,80,10,8,9
86,Why must students commit to expensive annual subscriptions before testing exam platforms?,EdTech,"Students wanting to try online learning platforms for exam preparation discover that most services require upfront annual subscription commitments with non-refundable payments, offering no flexibility for pay-per-topic access, course-switching, or trial periods that let students test teaching quality before major financial commitments.",73.5,8,9,8,8.5,5
87,Why do families lose track of wedding gift money?,FinTech,"Households lose financial records because traditional cash and envelope-based gifting lacks a digital system to track contributors, amounts, and reciprocity over time.",73.5,9,10,8,9,9
88,Why can’t hosts prepare restaurant-quality meals at home within 15 minutes?,Food & Beverage,"Hosts organizing spontaneous gatherings or last-minute parties struggle to prepare gourmet-quality food within tight timeframes. Shopping for ingredients, marinating proteins, and cooking elaborate dishes takes 3-4 hours minimum. Pre-packaged meal kits available in supermarkets are either unhealthy frozen foods or require extensive cooking time. No premium ready-to-cook gourmet kits exist that deliver restaurant-quality meals in under 15 minutes for home entertaining.",73.5,9,10,8,9,9
89,Why can't patients access digital copies of medical records?,HealthTech,"Healthcare consumers visiting multiple doctors and specialists must carry physical folders of paper reports, X-ray films, and prescription histories because most hospitals don't provide patients with digital copies of their own medical data, test results, and imaging studies in portable formats.",73.5,9,10,7,8.5,9
90,Why can't users redeem credit card reward points easily?,Payment Issues,"Credit card holders accumulate thousands of reward points but struggle to redeem them effectively. Redemption portals have limited inventory, inflated prices, or products worth 30-40% less than point value. Conversion to cash or statement credit has poor rates. Points expire without notification. Users cannot compare redemption value across categories or find optimal use of accumulated rewards.",73.2,9,10,6,8,6
91,Why are pest control treatments ineffective within months?,Home Services,"Households paying ₹3,000-8,000 for cockroach or termite treatment discover pests return within 3-6 months despite service warranties. Companies blame customers for cleanliness. Warranty claims require extensive proof. Re-treatment isn't provided. No performance-based pest control with guaranteed results exists.",73,7,70,8,8,8
92,Why do appliance repair shops not provide warranties?,Home Services,"Customers getting washing machines, refrigerators, or microwaves repaired at local shops receive no warranty on repair work or replacement parts. If the same issue recurs within days, customers must pay again. Unauthorized service centers use duplicate parts without guarantees. No accountability exists for repair quality.",72.8,6,60,8,8,8
93,Why don't consumers trust pre-ground masala powder quality?,Food & Beverage,"Home cooks suspicious of store-bought spice powders worry about adulteration, stale grinding, or artificial colors and preservatives added by manufacturers. Grinding spices at home ensures freshness but requires buying whole spices, owning a grinder, and spending time daily. No service offers custom whole-spice-to-fresh-ground delivery where consumers select spices and receive freshly ground powders within hours.",72.5,7,7,7,7,9
94,Why do apartment maintenance payments lack itemized breakdowns?,Payment Issues,"Residents paying monthly society maintenance fees (₹3,000-10,000) receive no itemized breakdown of where money is spent. Lump sum amounts are collected without transparency on staff salaries, repair costs, utilities, or reserve fund allocation. Digital payment receipts just show 'maintenance' without expense categories. Residents cannot verify if charges are justified or question specific expense increases without detailed financial reporting.",72.2,9,90,6,7,6.5
95,Why can't SMEs access fractional CFO services affordably?,Professional Services,"Growing startups and SMEs need CFO-level financial planning, fundraising guidance, and cash flow management but cannot afford full-time CFOs demanding ₹15-25 lakh annually. Part-time CFO consultants charge ₹50,000-1 lakh monthly. Businesses struggle with financial decision-making without expert guidance. No fractional CFO marketplace exists for ₹20,000-30,000 monthly commitments.",71.8,7,70,7,8,7.5
96,Why can’t small restaurants access wholesale ingredient pricing without large minimum orders?,B2B Services,"Independent restaurants and small food establishments cannot access the same cost-effective wholesale pricing that larger chains enjoy because suppliers impose minimum order quantities that exceed their storage capacity and demand, forcing them to buy from retail distributors at significantly higher per-unit costs.",71.5,7,7,8,7.5,5
97,Why do diners waste time waiting for restaurant tables?,Food & Beverage,Customers visiting popular restaurants during peak hours face 30-60 minute waits for tables without knowing exact wait times. Restaurant staff provide vague estimates. Customers cannot join virtual queues remotely or pre-order while waiting. Walking to another restaurant risks encountering similar waits. No real-time restaurant queue visibility system allows diners to make informed decisions or pre-order food before being seated.,71.5,8,7,7,7,9
98,Why can't small shippers access bulk shipping discounts?,Logistics,"Small online sellers shipping 50-200 orders monthly pay retail courier rates while large sellers get 40-50% discounts for 1,000+ shipments. No platform aggregates small sellers for collective bargaining. Per-shipment costs are ₹20-30 higher, destroying competitiveness.",71.2,6,60,7,7,7
99,Why can’t households schedule doorstep e-waste pickup with instant rewards?,Other,"Households accumulating old phones, laptops, batteries, and chargers cannot find convenient e-waste collection points. Items end up in regular trash. No incentive or bounty programs exist for proper disposal. E-waste awareness is low.",71.2,7,70,4,7,5.5
100,Why do office workers resort to unhealthy afternoon snacks?,Food & Beverage,"Office professionals experiencing 4 PM hunger pangs resort to unhealthy snacks like samosas, biscuits, or chips from nearby cafeterias due to lack of healthy alternatives. Meal subscriptions deliver only lunch and dinner. Carrying healthy snacks from home isn't practical daily. No service delivers portion-controlled healthy snack boxes to offices timed for afternoon hunger, filling the gap between lunch and dinner.",71,8,7,6,6.5,8
101,How do societies manage monsoon waterlogging prevention?,Other,Residential areas face repeated waterlogging during monsoons due to clogged drains. Citizens report issues but municipal action is slow. No preventive drain cleaning happens. Communities cannot crowdsource drain clearing or get real-time waterlogging alerts for route planning.,71,8,80,4,6,5
102,Is there a way for businesses collect quick customer feedback beyond surveys?,SaaS,"Local service businesses receive minimal customer feedback because traditional lengthy online surveys have poor completion rates, and they need interactive audio-based feedback systems that let customers record 5-second voice reviews immediately after service delivery, making input effortless and increasing response rates dramatically.",70.8,8,80,10,7,8.5
103,Why can’t reverse logistics be dynamically priced like forward shipping?,Logistics,"Product returns, warranty replacements, and rejected deliveries cost 30-40% more than forward shipping. Couriers charge premiums for reverse pickup. Small businesses cannot negotiate reverse logistics rates. High reverse logistics costs eat into thin margins on returned products.",70.8,7,70,7,7,7
104,Why do AC installation charges vary unpredictably?,Home Services,"Customers purchasing air conditioners discover installation costs vary from ₹2,000 to ₹8,000 for the same work depending on technician. Additional charges for copper piping, brackets, or electrical work surprise customers. Dealers and brands don't provide installation cost estimates upfront. No transparent AC installation pricing standards exist.",70.5,9,90,8,8,8
105,Why do valet customers lack car parking visibility?,Consumer Services,"Customers using valet parking services at shopping centers and restaurants experience anxiety about the security and treatment of their vehicles because they receive no transparency about actual parking locations, cannot monitor their cars remotely, and hear stories of valets taking vehicles for unauthorized personal use.",70,7,6,8,7,5
106,Why can’t pet owners find trusted home-stay alternatives to boarding kennels?,Consumer Services,Dog and cat owners dreading business trips or vacations avoid traditional pet boarding kennels where animals are confined to small cages for extended periods and instead seek verified networks of local pet-loving families who can provide home-stay arrangements where pets roam freely in family environments.,70,8,6,8,7,4
107,How do consumers verify cold chain integrity?,Food & Beverage,"Customers ordering ice cream, frozen foods, or temperature-sensitive products through delivery apps receive items that show signs of melting and refreezing, indicating cold chain breaks during transportation. Delivery partners lack refrigerated vehicles or insulated containers. Consumers cannot verify whether products maintained required temperatures throughout the journey. Complaints to platforms are difficult to prove without evidence, leaving customers with compromised food safety and quality.",70,8,10,7,8.5,8
108,How do customers book electricians for small jobs?,Home Services,"Homeowners needing fan installation, switchboard replacement, or light fixture changes cannot find electricians willing to take small jobs. Most electricians prefer full rewiring contracts. Per-point charging varies wildly (₹200-800 per point). Booking for specific time slots is impossible. No platform aggregates electricians for small electrical work.",70,7,70,8,9,8.5
109,Why can't businesses compare courier rates easily?,Logistics,"E-commerce sellers must manually check rates across 5-10 courier companies for each shipment. Rate cards have complex zone-based, weight-based, and volumetric pricing. No real-time rate aggregator exists. Businesses waste 30-60 minutes daily on rate comparison, often choosing suboptimal couriers.",70,6,60,7,8,7.5
110,Why do hair color treatments damage hair despite salon promises?,Beauty & Personal Care,"Customers getting hair coloring, highlighting, or balayage services at salons experience severe hair damage - dryness, breakage, and texture loss - within 2-3 weeks despite salons promising 'no damage' formulas. Salons use harsh bleaching agents to achieve desired colors quickly rather than gentler multi-session processes. Post-color care product recommendations are expensive (₹2,000-5,000 for shampoos and serums). No salon offers damage-free guarantees with refunds or corrective treatments, leaving customers with damaged hair and ₹3,000-8,000 sunk costs per service.",69.8,9,6,8,7,6
111,"Why is specialized care missing for silk, embroidery and designer clothing?",Consumer Services,"Consumers owning premium fabrics like silk sarees, designer suits, and delicate embroidered clothing frequently have these expensive items damaged or destroyed by neighborhood dry cleaners who use aggressive chemical solvents and lack specialized knowledge about treating different fabric types with appropriate gentle cleaning methods.",69.5,8,6,8,7,10
112,Why are small retailers forced into distributor margins without direct brand access?,B2B Services,"Small retailers operating on thin margins find themselves trapped in traditional distribution chains where intermediaries and distributors capture 40-50% of potential profits because retailers lack the connections, minimum order quantities, or platforms to source products directly from brands and manufacturers.",68.5,7,7,6,6.5,8
113,How do home painters quote prices without hidden costs?,Home Services,"Customers hiring painters for home renovation receive initial low quotes but face cost escalations during work for primer, putty, labor extras, or material quality upgrades. Final bills exceed estimates by 40-60%. No standardized pricing exists. Customers cannot compare quotes transparently or lock-in final costs before work begins.",68.5,8,80,8,7,7.5
114,Why do appliance technicians overcharge for parts and inspections?,Consumer Services,"Homeowners needing repairs for washing machines, refrigerators, or air conditioners feel trapped and exploited when service technicians charge substantial upfront ""inspection fees"" just for diagnosis and then provide inflated quotations for replacement parts, knowing desperate customers have few alternatives.",68.3,7,6,6,6,9
115,Why isn’t fragile-handling monitored with sensors and chain-of-custody tech?,Logistics,"Sellers shipping electronics, glassware, or ceramics face 10-15% damage rates. Fragile stickers are ignored by handlers. Businesses cannot mandate special handling. Insurance claims are tedious. No courier guarantees fragile item safety with damage-free delivery assurance.",68.2,8,80,7,6,6.5
116,"Why can’t citizens report broken streetlights through real-time, trackable digital systems?",Professional Services,"Residents wanting to report malfunctioning streetlights, potholes, or broken footpaths face tedious bureaucratic complaint processes involving phone calls, in-person municipal office visits, and no tracking of resolution status, and they need one-click civic reporting apps that geo-tag issues and provide automated status updates.",68,6,60,6,7,6.5
117,"How can data flow seamlessly between Excel, CRM, and invoicing systems?",SaaS,"SMEs operating with fragmented software tools waste significant administrative time manually transferring customer data from spreadsheets to CRM systems, copying invoices to accounting software, and re-entering information across platforms because affordable no-code integration connectors that can automate data syncing don't exist.",68,7,70,10,8,9
118,How can affordable cybersecurity checks be made accessible to small businesses?,SaaS,"Small enterprises operating e-commerce sites or company websites lack cybersecurity budgets and technical expertise to monitor for vulnerabilities, malware injections, or data breaches, and they need simple one-click security audit tools that automatically scan for common threats and provide plain-language alerts.",68,6,60,10,8,9
119,Why do micro-SMEs waste 10+ hours weekly on invoice management?,B2B Services,"Micro and small businesses waste significant administrative time creating, tracking, and reconciling invoices manually because enterprise-grade ERP systems are prohibitively expensive, overly complex for their simple needs, and require extensive training that small teams cannot afford.",67.5,7,7,5,6,9
120,Why can't shops see real-time supplier stock levels?,B2B Services,"Small shop owners constantly face inventory mismanagement issues because they cannot see real-time stock levels or availability from their upstream suppliers, leading to either excessive over-ordering that ties up working capital or frustrating stockouts that result in lost sales.",67.5,6,7,6,6.5,9
121,Why do cities lack on-demand platforms to identify and mitigate overhanging trees?,Professional Services,"Apartment societies and homeowners requesting municipal tree pruning of dangerous overhanging branches that threaten power lines or building structures during monsoons face 6-12 month delays due to bureaucratic processes, and they need on-demand urban arborist services with emergency response capabilities for immediate risk mitigation.",67.5,7,70,8,6,7
122,Why do skincare products fail in India's humidity and pollution?,Beauty & Personal Care,"Consumers investing in premium international skincare brands discover their products underperform or cause skin problems because formulations designed for temperate Western climates don't account for India's extreme humidity levels, high pollution exposure, and intense UV radiation that require region-specific adjustments.",66.5,7,6,6,6,8
123,Why do communities lack digital systems balancing stray dog safety and welfare?,Professional Services,"Residential areas experience conflicts between residents fearing stray dog attacks and animal welfare activists advocating humane treatment because communities lack coordinated programs, and they need community-feeding trackers and sterilization scheduling apps that balance public safety with animal welfare through organized interventions.",66.5,8,80,6,7,6.5
124,Why do confirmed salon appointments still involve 30-minute waits?,Beauty & Personal Care,"Despite booking confirmed appointment slots, salon customers routinely experience lengthy waiting periods because establishments rely on manual scheduling systems that don't account for service duration variability, stylist availability conflicts, or the cascading delays caused by earlier appointments running overtime.",66,5,6,6,6,7
125,How do homeowners verify carpenter work quality before payment?,Home Services,"Customers commissioning custom furniture or carpentry work cannot verify quality standards before final payment. Defects like misaligned doors, poor finishing, or wrong measurements appear after installation. Carpenters demand full payment upon installation. Rework requests are denied or cost extra. No quality verification or milestone-based payment system exists.",66,9,90,8,9,8.5
126,Why can’t households easily access digital proof for in-warranty product repairs?,Consumer Services,"Households lose hundreds to thousands annually on out-of-warranty repair charges for products still within coverage because they cannot find misplaced paper warranty cards or present faded thermal-paper receipts that have become illegible, leaving manufacturers and retailers to deny valid warranty claims.",65.5,6,6,6,6,10
127,Why is there no reliable same-day personalized gifting for last-minute occasions?,Consumer Services,"Busy professionals and forgetful individuals who suddenly remember birthdays or anniversaries at the last minute resort to generic, thoughtless gift purchases like cash, gift cards, or random store items because there is no curated, personalized, same-day gift delivery service that can save them from social embarrassment.",65.5,9,6,8,7,10
128,Why is nighttime noise reporting still manual instead of automated?,Professional Services,"Citizens suffering from sleep disruption due to construction work, loud music from festivals, or commercial noise violations at 2 AM cannot effectively report violations because police complaint processes are cumbersome, and they need real-time noise monitoring devices with automated police reporting for immediate enforcement.",65,4,40,6,9,7.5
129,Why do meetings waste 4 hours daily instead of summaries?,SaaS,"Corporate employees spend half their workday in back-to-back status meetings, planning discussions, and review calls that could be replaced by brief written updates if they had AI-powered real-time meeting transcription and summarization tools optimized to understand Indian accents and business context.",64,7,70,10,7,8.5
130,Why is there no SOS tech for women joggers for public spaces?,Professional Services,"Female joggers, elderly citizens, and families with children avoid using neighborhood parks due to concerns about inadequate lighting, isolated areas, or reports of harassment incidents because there is no crowdsourced park safety rating system, and they need real-time safety scores with SOS button infrastructure.",63.5,7,70,8,4,6
131,How can tourists find authentic experiences beyond major attractions?,Travel,"Tourists tired of visiting the same overcrowded landmark attractions mentioned in guidebooks want access to authentic local experiences, hidden neighborhood spots, and cultural activities but cannot easily connect with knowledgeable local insiders who can curate personalized off-the-beaten-path itineraries matched to interests.",63.5,7,70,8,8,8
132,Why is foreign transaction pricing still confusing for consumers?,Payment Issues,"Travelers using forex cards for international payments discover they're paying 3-5% more than advertised exchange rates through hidden markups and transaction fees. Card companies advertise 'zero markup' but add charges in fine print. Comparing actual costs across forex cards, credit cards, and cash withdrawal is complex. Users cannot calculate true cost of foreign transactions before travel.",63.2,7,70,6,6,6
133,How do customers find water tank cleaning services?,Home Services,"Apartment residents needing annual water tank cleaning struggle finding professional services. Most plumbers don't offer tank cleaning. Finding specialized agencies requires word-of-mouth. Pricing isn't transparent (₹1,500-5,000 per tank). Scheduling is difficult. No verified water tank cleaning platform exists with health certification.",62.8,7,70,8,7,7.5
134,Why don't salon bookings guarantee your preferred stylist?,Beauty & Personal Care,"Customers booking salon appointments find themselves assigned to random available staff members rather than their preferred skilled stylist, resulting in inconsistent haircut quality, miscommunication about desired styles, and repeated disappointments that erode trust in salon booking systems.",62,6,6,6,6,8
135,How can kirana stores predict restocking needs using past sales data?,SaaS,"Small retail kirana stores managing hundreds of SKUs rely on guesswork to reorder inventory, frequently running out of fast-moving items or over-stocking slow sellers because they lack affordable AI-powered predictive analytics that can forecast demand patterns based on historical sales data and seasonal trends.",61.5,8,80,10,6,8
136,Why doesn’t on-demand arborist tech exist for emergency tree risk mitigation?,Other,Residents requesting municipal tree pruning of dangerous overhanging branches threatening power lines or buildings face 6-12 month delays. No emergency arborist services exist. Monsoon damage risks increase due to bureaucratic processes.,61.2,10,100,4,6,5
137,Why do home deep cleaning services lack quality standards?,Home Services,"Customers hiring deep cleaning services for ₹3,000-8,000 experience inconsistent quality - some areas are cleaned well while others are missed. No checklists or quality verification exists. Customers cannot track cleaner background or reviews. Payment is expected regardless of satisfaction. Standardized deep cleaning protocols don't exist.",60.8,8,80,8,9,8.5
138,Where can working women find on-call saree draping professionals?,Beauty & Personal Care,"Urban professional women attending traditional weddings, office functions, or morning ceremonies cannot easily locate and book skilled saree draping experts on short notice who can arrive at their homes early to help them dress appropriately and elegantly for time-sensitive events.",60.5,6,6,8,7,3
139,Where can men find affordable specialized beard grooming services?,Beauty & Personal Care,"Men seeking professional beard trimming, shaping, and grooming services find limited options beyond overpriced upscale grooming lounges, as neighborhood barbershops typically lack the specialized training, tools, and products needed to create and maintain modern beard styles and designs.",58.5,8,6,8,7,9
140,Where can DIY skincare makers source lab-grade raw ingredients?,Beauty & Personal Care,"Home beauty product makers and natural skincare experimenters cannot easily purchase high-quality raw materials like cosmetic-grade clays, essential oils, botanical extracts, and specialty ingredients in small consumer-friendly quantities from trusted suppliers who can verify purity and provide safety data sheets.",57.5,5,6,7,6.5,10
141,Why is finding affordable mehendi artists so difficult for small home celebrations?,Beauty & Personal Care,"Families hosting intimate celebrations and small home gatherings struggle to find talented mehendi/henna artists available for modest events because most professionals are either booked for large weddings or charge the same premium ""wedding season"" rates regardless of event size or complexity.",57.3,5,6,7,6.5,4
